physician_id,first_name,last_name,specialty,phone_number,email,department,years_of_experience,license_number,clinic_address,city,state,zip_code,hospital_id,shift_timing
8132,Brian,Thompson,Orthopedics,2651796246,benjamin86@yahoo.com,Oncology,9,yf4700001,55451 John Walk,Lake Gwendolynchester,North Dakota,22004,7132,Night
4392,Michelle,Byrd,Neurology,4412109765,eugene89@hotmail.com,Surgery,6,CJ9199994,4058 Thomas Loop Suite 452,Gloverland,North Carolina,72021,6956,Evening
3501,Kaitlyn,Harris,General Medicine,8196326300,wilsonwilliam@gmail.com,Oncology,10,ZT0128932,01622 Robert Street Apt. 844,West Juanport,Utah,48087,3219,Morning
8288,Ian,Stewart,Orthopedics,1541813341,jillwilliams@gmail.com,Pediatrics,9,TO5108813,48853 Ellis Spur Suite 628,West Alexandra,Hawaii,27715,6870,Night
4736,Diana,Abbott,Orthopedics,3814197232,xclark@gmail.com,Oncology,12,HO0575669,63620 Crystal Lodge,Beckerfurt,Illinois,83614,6051,Evening
9648,Stephanie,Franklin,Cardiology,0778953345,qgonzales@price.biz,Pediatrics,36,QO5884820,8407 Lee Glen,Moorefort,West Virginia,47122,6956,Night
2289,Julie,Salinas,Cardiology,4102625075,bclark@hartman.com,Pediatrics,2,xY5610829,700 Matthew Shore Apt. 216,Russellside,Maryland,24542,8892,Evening
7129,Parker,Lewis,Cardiology,2661129968,yortiz@gmail.com,Oncology,11,gg5373564,56095 Curtis Circles,East Stephanie,Louisiana,22652,3815,Evening
3244,Melissa,Thomas,Cardiology,9914377774,shawnathan@gmail.com,Emergency,37,dg9986284,222 Joseph Circles Suite 103,Fosterburgh,New Mexico,47049,8639,Evening
9864,Sheila,Malone,Orthopedics,8968938081,clarkdavid@smith.org,Oncology,22,xo9912581,146 Contreras Burgs Apt. 412,West Anna,Virginia,21713,3815,Evening
5424,Tara,Singh,Cardiology,1295098557,dawsonmegan@gmail.com,Oncology,35,KE0188511,19509 William Dale Suite 870,Wilsonberg,Iowa,68370,7714,Morning
6127,Emily,Turner,General Medicine,5281759054,tiffanyhernandez@potter.com,Pediatrics,32,ln8300617,92643 Clark Summit,New Duaneport,Indiana,61840,6870,Morning
7912,Nicole,Medina,Orthopedics,9040163948,oharris@hotmail.com,Oncology,34,Xa4888561,638 Jones Wall Suite 869,West Edwin,New Mexico,50999,7714,Night
9926,Keith,Taylor,Neurology,4753654092,saguilar@henderson-oconnell.com,Emergency,27,YR4398314,491 Fisher Burgs,Angelatown,Iowa,35086,3954,Night
4575,Courtney,James,Neurology,4717337995,ysuarez@yahoo.com,Emergency,25,AH9037535,234 Leon Camp Apt. 756,Lake Travis,South Dakota,34743,7092,Evening
5428,Christopher,Lopez,Neurology,4717692420,glenda38@bolton.com,Pediatrics,4,ps1578822,3924 Skinner Curve,Michaelborough,Arizona,13821,9273,Night
5899,Dustin,Mullins,Orthopedics,3394482723,kelly01@gmail.com,Oncology,23,Ub1304670,462 Brian Estate,Schneiderport,Michigan,41674,8892,Night
4291,Nicole,Jones,Neurology,9889058957,bward@hotmail.com,Surgery,18,uK4768228,40987 Amber Springs,Escobarton,Illinois,98718,8728,Evening
7210,Laura,Ferguson,Orthopedics,7837164644,hillapril@wallace.net,Pediatrics,9,sT4126449,6283 Heidi Ramp Apt. 051,South Gloria,Georgia,29696,6956,Evening
9971,Sonya,Vega,Neurology,7679074153,brandyhoward@yahoo.com,Oncology,16,Ko1604061,60687 Ryan Road,Hoffmanbury,Rhode Island,94073,9273,Evening
2723,Alec,Wilson,General Medicine,0143400605,cbaldwin@cameron.com,Emergency,37,Fz6009373,0471 Werner Point,Matthewsview,Ohio,62298,3466,Morning
2854,Sean,Scott,Neurology,9225799640,margaretpatrick@hall-petty.net,Emergency,27,yO9539343,133 Williams Station,Sharonburgh,Alabama,93281,9288,Night
2877,Brent,Mueller,Neurology,3180125913,bernardcooper@rosario.net,Pediatrics,25,Qi5543740,296 Johnson Inlet Suite 511,Woodton,Colorado,27582,3001,Morning
4207,Ronald,Anderson,Cardiology,2176069328,wilkersonaaron@yahoo.com,Emergency,35,nP3256381,1651 Hannah Overpass,Port Luisville,Montana,72707,4337,Morning
7757,Anna,Robinson,Orthopedics,5208833281,yclark@hotmail.com,Emergency,27,qq1062153,26692 Blackburn Radial Suite 421,North Amyville,Alaska,70960,3001,Morning
9384,Jay,Brown,Cardiology,8044665673,wilsonjessica@holmes-king.com,Pediatrics,24,jT2386031,40036 Green Points,North Marie,Nebraska,97821,7921,Morning
7927,Jaclyn,Martin,General Medicine,3153831952,wayneanderson@crawford-taylor.com,Oncology,6,OR2391794,6846 Nathaniel Loop Suite 567,Weissbury,South Carolina,86787,6051,Morning
3475,Christine,Thomas,General Medicine,5626415678,greenrenee@gmail.com,Pediatrics,31,QX9109468,967 Wu Grove Suite 701,North Marissa,Utah,03295,9273,Morning
3777,Carrie,Rice,Cardiology,7572133882,susan18@soto.com,Pediatrics,3,iU3339681,594 Harris Isle,Josephport,New York,55314,8181,Evening
7039,Amanda,Jackson,Neurology,5363890253,dayamanda@hotmail.com,Pediatrics,7,yV6332179,6698 Foster Radial,Nicholasland,Wisconsin,49317,3152,Morning
4920,Brittany,Castro,Cardiology,3494902556,larryhurley@hotmail.com,Emergency,22,DR5031256,3333 Emily Centers Apt. 601,Piercemouth,Washington,98221,3925,Morning
4004,Allison,Snyder,Orthopedics,1030223190,leslie43@turner-allen.info,Oncology,39,cG0470428,448 Kathy Plaza,East Alyssaton,North Carolina,47923,3001,Evening
3213,James,Butler,General Medicine,8589613403,clayamanda@jones.com,Surgery,17,XY2992617,45263 Denise Cliff Apt. 971,West Laurenport,New Jersey,90364,3466,Evening
6248,Rebecca,Harding,Cardiology,2633306373,grahamrichard@yahoo.com,Pediatrics,8,he2126806,86433 York Cape,Tamaramouth,Tennessee,44127,3925,Morning
4577,Roger,Smith,Cardiology,4719893513,mooreamber@harper-jimenez.com,Surgery,40,uj2583125,5647 Kenneth Square,Jamesfort,Missouri,87288,3652,Night
2644,Carol,Jones,Orthopedics,9080480718,williamsjose@lin.info,Emergency,36,Pr1857987,109 Kevin Islands Suite 371,Reedville,Louisiana,85932,6530,Evening
6256,Monica,Clark,Neurology,0380450947,christina81@gmail.com,Pediatrics,1,UR6055906,214 Velasquez Unions,Williamsville,Pennsylvania,52072,9710,Morning
6678,Julie,Miller,Orthopedics,9573951123,pricemiranda@hotmail.com,Pediatrics,8,JJ7172851,12530 Contreras Ridges Apt. 415,Walkerhaven,Idaho,35036,6534,Night
5731,Jessica,Johnson,General Medicine,0428780649,pauladaniels@gmail.com,Oncology,18,YS2922074,357 Ashley Underpass,West Mariah,Maine,86574,4360,Evening
5929,Brandon,Romero,Cardiology,8394468940,lmorgan@yahoo.com,Oncology,34,BU8426073,5421 Todd Inlet Apt. 006,Lake Nancytown,Missouri,69037,3466,Morning
8402,Stephanie,Miller,General Medicine,9983476639,ipaul@gutierrez.biz,Emergency,24,Ve1459398,6248 Neil Village,Alvarezport,Alabama,85467,4979,Night
5610,Paul,Lee,General Medicine,9038205459,lloydmary@perez-turner.com,Pediatrics,4,Lh1878552,53560 Thornton Roads,West Michaelfort,Texas,45092,3902,Night
5287,Barbara,Murray,General Medicine,8756781471,lucasduncan@yahoo.com,Emergency,5,LX3090263,222 Daniel Ways,Shaunside,Arizona,14185,4625,Evening
3337,Jennifer,Tucker,Neurology,1777247814,ksmith@yahoo.com,Oncology,26,fU6769838,4564 Olson Skyway,Martintown,New York,11494,7092,Evening
2199,Kenneth,Mathews,General Medicine,5652218240,raymond47@hotmail.com,Surgery,5,fd1730970,61893 Dominguez Locks,Turnertown,New Mexico,34781,7921,Evening
3634,Jillian,Nunez,General Medicine,6223571540,zbowen@yahoo.com,Emergency,1,yD1671422,117 Wallace Ramp Apt. 998,Gentrytown,Maryland,74812,3152,Morning
4394,Julie,Lindsey,Cardiology,6171094609,davidserrano@yahoo.com,Emergency,29,eA9054685,9252 Eric Squares Suite 596,Garzaville,Missouri,58552,3954,Night
6587,Sarah,Sutton,General Medicine,9727298073,watersjennifer@yahoo.com,Emergency,4,Pn1721109,3588 Ponce Views Suite 552,Cohentown,Louisiana,16326,8639,Morning
7717,Alexis,Campbell,Neurology,7683766471,michael11@murray.com,Pediatrics,21,hh2008548,707 Kelley Lake,Shannonfurt,Ohio,50361,3954,Evening
7343,Shane,peter,Cardiology,0201844453,jared38@murray.net,Pediatrics,14,VM3220960,387 Jennifer Roads Apt. 426,Johnsonton,Utah,43761,7626,Morning
7344,deepu,rocks,Cardiology,0201844455,deepu@murray.net,Pediatrics,14,VM3220960,387 Jennifer Apt. 426,Johnsonton,Utah,43761,6643,Morning
7345,manasa,metuku,Cardiology,0201844455,maanasa@murray.net,Pediatrics,14,VM3220960,387 Jennifer Roads Apt. 426,Johnsonton,Utah,43761,6644,Morning
7346,sravya,setti,Cardiology,0201844466,sravya@murray.net,Pediatrics,14,VM3220960,387 Jennifer Roads Apt. 426,Johnsonton,Utah,43761,6645,Morning
7346,sahiti,setti,Cardiology,0201844466,sahiti@murray.net,Pediatrics,14,VM3220960,387 Jennifer Roads Apt. 426,Johnsonton,Utah,43761,6646,Morning